YEAR1,YEAR2,hv1_size,hv2_size,size_ratio,jaccard,sorensen,uniq_y1,uniq_y2,dist_cent
2016,2018,0.39442006102300714,1632.490301140705,2.4160637324914308e-4,0,0,0,1,3.3695689537142797
2016,2018,0.39442006102300714,126.62157379523839,0.0031149514983981295,0.0017775992267810682,0.0035488899495319175,0.4285714285714286,0.9982200277152011,3.6560276580271434
2016,2018,0.39442006102300714,178.25695949408947,0.0022126488757712994,0,0,1,1,3.7355788836490853
2016,2018,0.39442006102300714,599.7830165388261,6.576045839028436e-4,0,0,1,1,3.7060317826554514
2016,2018,0.39442006102300714,182.43124268413095,0.0021620203602182465,0,0,1,1,3.6638668689720473
2016,2018,0.39442006102300714,58.178382232676945,0.006779495164468048,0,0,1,1,3.761179273398808
2016,2018,5573.214230325187,1632.490301140705,3.4139340530420883,0.2767214882445101,0.43348763343053254,0.7197681916165496,0.043307086614173214,0.9735977230682104
2016,2018,5573.214230325187,126.62157379523839,44.01472879604003,0.01801546954585358,0.0353933119580009,0.9819012818826411,0.20338983050847456,1.8600033407247267
2016,2018,5573.214230325187,178.25695949408947,31.265058296419443,0.027234370692577982,0.05302464845333423,0.9726396900131495,0.144578313253012,1.4763128239144536
2016,2018,5573.214230325187,599.7830165388261,9.292050752764874,0.08062174860225062,0.1492136331820681,0.9173640821291612,0.23214285714285712,1.676975096518658
2016,2018,5573.214230325187,182.43124268413095,30.549669828072606,0.02680224071773159,0.05220526339910772,0.973042935769867,0.17647058823529407,1.4497470779791495
2016,2018,5573.214230325187,58.178382232676945,95.79527680979224,0.00499909156149673,0.009948449910993439,0.9949738494681998,0.5185185185185186,1.784927890779166
2016,2018,740.2192991952788,1632.490301140705,0.4534295233962796,0.31359675442092255,0.47746274245198866,0.23476702508960576,0.6530207768992629,1.0567389114754506
2016,2018,740.2192991952788,126.62157379523839,5.845917697976953,0.045618719532514326,0.0872568914085815,0.9489084923851063,0.7013232514177694,2.067104384378394
2016,2018,740.2192991952788,178.25695949408947,4.1525408112877775,0.16018652218215343,0.27613925712714593,0.8286809381766116,0.28859060402684567,1.40263575714551
2016,2018,740.2192991952788,599.7830165388261,1.234145147134825,0.3483387924352532,0.5166932738115674,0.5323209053151959,0.4228161148783407,1.6233112913096774
2016,2018,740.2192991952788,182.43124268413095,4.0575248422603,0.14839828502161048,0.2584439335327254,0.8389305469482845,0.3464566929133859,1.3609073776815785
2016,2018,740.2192991952788,58.178382232676945,12.723270582445334,0.051722701013267015,0.09835805762000864,0.9469556891863372,0.3251028806584362,1.7237841057391379
2016,2018,148.5869326452232,1632.490301140705,0.09101856993661638,0.04951069912340491,0.09435006077548005,0.4345238095238095,0.9485311658096515,0.8024360169540382
2016,2018,148.5869326452232,126.62157379523839,1.173472483334517,0.032413566043068116,0.06279182511578107,0.9418493803622499,0.9317618479662483,1.747986157501305
2016,2018,148.5869326452232,178.25695949408947,0.8335547350685623,0.2493278640251272,0.3991392030941088,0.5610104861773118,0.6340782121076521,1.0515466500750645
2016,2018,148.5869326452232,599.7830165388261,0.24773447821626443,0.12473099689720263,0.2217970292297416,0.4414507772020725,0.8616280997320555,1.2200232352618483
2016,2018,148.5869326452232,182.43124268413095,0.8144818313960224,0.2642775585152262,0.4180688911786033,0.5343183984747378,0.6207107963422718,0.9792776243218912
2016,2018,148.5869326452232,58.178382232676945,2.5539887316042735,0.12483335502786352,0.22195884300527566,0.8455672068636797,0.6055803865396642,1.3303794998739675
2016,2018,59.19700918040334,1632.490301140705,0.036261783080144085,0.026466648619292696,0.05156845311027527,0.2631578947368422,0.9732807914146308,1.628264335051592
2016,2018,59.19700918040334,126.62157379523839,0.46751124161615376,0.03176060756820804,0.06156584644778348,0.9033728350045579,0.9548257141191319,1.3621236505688674
2016,2018,59.19700918040334,178.25695949408947,0.332088067407916,0.188100554885114,0.3166407996557208,0.36493738819320215,0.7891032845620568,1.6318550855056422
2016,2018,59.19700918040334,599.7830165388261,0.09869737479732607,0.06848834001170653,0.1281967007912434,0.2864583333333333,0.9295753106914912,1.760395883160239
2016,2018,59.19700918040334,182.43124268413095,0.3244894257662845,0.1795839480573426,0.30448693092695855,0.37857802400738694,0.7983551398516072,1.5625162183853922
2016,2018,59.19700918040334,58.178382232676945,1.0175086846460002,0.12712904344360623,0.2255802814825912,0.7763605442176871,0.7724449115119915,1.8201476397006038
2016,2018,10.265912821854172,1632.490301140705,0.006288498507268834,0.0024513336371550674,0.004890678589375485,0.6086956521739131,0.9975392831928078,0.9357541554242209
2016,2018,10.265912821854172,126.62157379523839,0.08107554277010749,0.014008442004858443,0.027629833095198873,0.8157894736842106,0.9850650315949802,1.1839676332746594
2016,2018,10.265912821854172,178.25695949408947,0.057590530271523915,0.028582899909508512,0.05557724109942552,0.4896907216494846,0.9706110180573151,1.1253347090229686
2016,2018,10.265912821854172,599.7830165388261,0.017116044534064633,0.012913119428301449,0.025496993139134668,0.24242424242424246,0.9870332995954055,0.42805494784151105
2016,2018,10.265912821854172,182.43124268413095,0.056272778011105265,0.0329596068935285,0.06381586786854053,0.4010695187165776,0.9662965179826535,0.6056105184757902
2016,2018,10.265912821854172,58.178382232676945,0.17645579728905106,0.12784164248233043,0.22670140499681593,0.24427480916030533,0.8666479089189614,0.6613006356396502
2016,2021,0.39442006102300714,107.23918759789483,0.003677947118565731,0.003677947118565731,0.007328938787834601,0,0.9963220528814343,2.842419877491754
2016,2021,0.39442006102300714,610.5487164369315,6.460091560339067e-4,0,0,1,1,3.6192639440428898
2016,2021,0.39442006102300714,23.71007576001366,0.016635124451528954,0.001213539422957939,0.0024241370600268826,0.9259259259259259,0.9987677685591461,3.554265145907991
2016,2021,0.39442006102300714,101.47290028688009,0.0038869497167018847,3.3630209251696633e-4,6.723780628844221e-4,0.9131720742739368,0.9996625042186973,3.58165302538165
2016,2021,0.39442006102300714,58.171338167689434,0.006780316104917851,0,0,1,1,3.7402701634864495
2016,2021,0.39442006102300714,4.947899123983688,0.07971465285360321,0.0017040363632830542,0.0034022751260334543,0.9769585253456221,0.9981632568466912,3.570548458428806
2016,2021,5573.214230325187,107.23918759789483,51.96994079461483,0.0137799199204874,0.027185229554691086,0.9861458375939769,0.27999999999999997,1.314449877842101
2016,2021,5573.214230325187,610.5487164369315,9.128205629273301,0.10192634670752514,0.1849966597351512,0.8973684266863147,0.06315789473684205,1.2432919998552778
2016,2021,5573.214230325187,23.71007576001366,235.0567871117581,0.004254291111043513,0.008472537580769178,0.9957457088889564,0,1.6219317724478755
2016,2021,5573.214230325187,101.47290028688009,54.923178647390785,0.01349585220338131,0.026632279104134026,0.9864414101768452,0.2553191489361702,1.8070451237876568
2016,2021,5573.214230325187,58.171338167689434,95.806876820667,0.00771073732084374,0.015303473576839994,0.9922683969530989,0.25925925925925924,1.755750760154467
2016,2021,5573.214230325187,4.947899123983688,1126.3799221997963,3.8397872674094275e-4,7.67662687340634e-4,0.9996158278908951,0.5672762496351147,1.8374966314322492
2016,2021,740.2192991952788,107.23918759789483,6.902507523376742,0.03357347250520383,0.06496581694154266,0.9628111338231687,0.7433035714285715,1.955990842982804
2016,2021,740.2192991952788,610.5487164369315,1.212383679250175,0.5434659071577993,0.7042149808913621,0.35746671739630376,0.22100313479623826,1.1103967668365402
2016,2021,740.2192991952788,23.71007576001366,31.219609194317158,0.024079046228813034,0.04702575707897646,0.975733976909818,0.24242424242424246,1.7823514179511109
2016,2021,740.2192991952788,101.47290028688009,7.294748618621925,0.08851821520244349,0.1626398418807917,0.9075323445464774,0.3254716981132075,2.041153810431803
2016,2021,740.2192991952788,58.171338167689434,12.724811264637964,0.05271249774305394,0.10014604719914706,0.9459919063582698,0.3127572016460906,1.6881798723396633
2016,2021,740.2192991952788,4.947899123983688,149.60274667024905,0.005676022770197825,0.01128797473874909,0.9943182861349895,0.14999999999999997,2.1093005076532902
2016,2021,148.5869326452232,107.23918759789483,1.3855656311232634,0.022070164105797485,0.043187180060395416,0.9628217349857006,0.9484870737713944,1.8198310551743595
2016,2021,148.5869326452232,610.5487164369315,0.24336621901746627,0.1401527165079648,0.2458490243959976,0.3719745222929937,0.8471598140438077,0.813816952661205
2016,2021,148.5869326452232,23.71007576001366,6.266826565599198,0.08038090095222376,0.148801040228271,0.9137273593898952,0.45934432394020264,1.5216279258049332
2016,2021,148.5869326452232,101.47290028688009,1.4643016236368942,0.08015259779705548,0.1484097672134932,0.875119161105815,0.8171367848461076,1.7227994587815034
2016,2021,148.5869326452232,58.171338167689434,2.554297998387013,0.12918893661281006,0.22881721990711978,0.8408007626310772,0.5933577066438216,1.307552719592111
2016,2021,148.5869326452232,4.947899123983688,30.03030759559864,0.01952296144546901,0.038298228061071936,0.9802132263660925,0.40579710144927533,1.8293879378303226
2016,2021,59.19700918040334,107.23918759789483,0.5520091163164073,0.021313402282203246,0.04173724193685662,0.9413265306122449,0.9676117100120475,1.7907031425403876
2016,2021,59.19700918040334,610.5487164369315,0.09695706106118443,0.07819374119437948,0.14504580801546782,0.1794871794871795,0.9204454883600538,1.4534340153857106
2016,2021,59.19700918040334,23.71007576001366,2.4967026583794114,0.16313314539539445,0.28050639953165313,0.8035714285714286,0.5095762635326156,0.9883082268467461
2016,2021,59.19700918040334,101.47290028688009,0.5833775226000631,0.08534955234091932,0.1572756945572686,0.7865646258503401,0.8754866001933539,1.1668042640482368
2016,2021,59.19700918040334,58.171338167689434,1.0176318964806554,0.14036809619176072,0.24618032837031747,0.7559523809523809,0.7516493585969829,1.773303665476695
2016,2021,59.19700918040334,4.947899123983688,11.96406953679812,0.040967527991161705,0.07871048210354846,0.9573553062305925,0.4897959183673469,0.9144822684392171
2016,2021,10.265912821854172,107.23918759789483,0.0957291177955147,0.015581318208001613,0.030684530974821253,0.8243902439024391,0.9831890329724949,1.5471294779792657
2016,2021,10.265912821854172,610.5487164369315,0.016814240281700144,0.009583982571463399,0.0189860036151772,0.425925925925926,0.990347380579024,0.867813201803373
2016,2021,10.265912821854172,23.71007576001366,0.4329768038602108,0.12557324469253203,0.22312762902752603,0.6307692307692309,0.8401316416516145,0.8605106919064083
2016,2021,10.265912821854172,101.47290028688009,0.1011690095861141,0.038947143773486126,0.07497425447848861,0.5919732441471571,0.9587203372257327,0.9319528411011814
2016,2021,10.265912821854172,58.171338167689434,0.1764771646177507,0.133608036323824,0.23572175221534478,0.21428571428571433,0.8613393706574817,0.5895293919491746
2016,2021,10.265912821854172,4.947899123983688,2.074802368563409,0.0656305535230102,0.12317693652088596,0.9087275149900067,0.8106276319165976,1.0625085254858735
2016,2023,0.39442006102300714,82.27763152954911,0.0047937702348828,0.0019120086558431888,0.003816719710562854,0.6,0.9980824919060468,3.6363920833929777
2016,2023,0.39442006102300714,166.47826222943988,0.0023691985712790448,0,0,1,1,3.536778419924299
2016,2023,0.39442006102300714,44.01027762859654,0.008961998930148193,7.11096892786859e-4,0.0014211831866256274,0.92,0.9992830400855881,3.5449617858421583
2016,2023,0.39442006102300714,20.57823661651962,0.019166854204911706,3.3594129683447787e-4,6.716569563600082e-4,0.9821428571428571,0.9996577347463409,3.6115045024815093
2016,2023,0.39442006102300714,51.57407780909163,0.007647641562937993,5.062294072112275e-4,0.0010119465373267347,0.9333333333333333,0.9994901572291374,3.6271292770808707
2016,2023,0.39442006102300714,4.220966674027412,0.09344306446434779,0.001972954947369962,0.003938140121703373,0.9769585253456221,0.9978469339985173,3.6561331760923657
2016,2023,5573.214230325187,82.27763152954911,67.7366876843511,0.009663725050903356,0.019142462606381444,0.9902874681456547,0.3421052631578947,1.8141700120492363
2016,2023,5573.214230325187,166.47826222943988,33.47712881964252,0.02708203891789427,0.05273588261055986,0.9728444182298721,0.09090909090909093,1.682688622293362
2016,2023,5573.214230325187,44.01027762859654,126.63438020904194,0.005514660400493583,0.010968831420711677,0.9944722752316988,0.3,1.6258588338437157
2016,2023,5573.214230325187,20.57823661651962,270.8305057514583,0.002047942705931226,0.0040875144165277355,0.9979486965324897,0.4444444444444444,1.8358372036568094
2016,2023,5573.214230325187,51.57407780909163,108.06231477284359,0.005763698606049597,0.011461337517028831,0.9942163000920923,0.375,1.6565262439939787
2016,2023,5573.214230325187,4.220966674027412,1320.3644237748824,7.573666648341144e-4,0.0015135869893381775,0.9992426333351659,0,1.873313953561949
2016,2023,740.2192991952788,82.27763152954911,8.99660436785224,0.03584518839912082,0.06920954752807972,0.9615488001457239,0.6540697674418604,2.005790222529093
2016,2023,740.2192991952788,166.47826222943988,4.446342058611296,0.15757389590767473,0.27224853024889295,0.8332608466528149,0.2586206896551723,1.9276262824294677
2016,2023,740.2192991952788,44.01027762859654,16.81923721186223,0.04760779387628915,0.0908885828352497,0.9518537851333394,0.19021739130434784,1.7389435468060865
2016,2023,740.2192991952788,20.57823661651962,35.97097812555289,0.02087009601550801,0.04088687894172771,0.978988229042583,0.24418604651162792,2.0383333250690723
2016,2023,740.2192991952788,51.57407780909163,14.352545515894631,0.056323653631288835,0.10664090203351384,0.9429644971161226,0.18139534883720926,1.6781145435804303
2016,2023,740.2192991952788,4.220966674027412,175.36724555301987,0.004354754115669999,0.00867174491448361,0.9956394030142777,0.23529411764705885,2.090733213749673
2016,2023,148.5869326452232,82.27763152954911,1.8059213650536332,0.030343892444576106,0.05890051402659885,0.9542421353670161,0.9173648946400625,1.7027671883309523
2016,2023,148.5869326452232,166.47826222943988,0.8925305361515673,0.25153648811915474,0.4019642903055444,0.5738354806739345,0.6196351530771319,1.6819293538673614
2016,2023,148.5869326452232,44.01027762859654,3.3761871238157313,0.12121656635613821,0.2162232881557969,0.8598665395614871,0.5268832152517516,1.481282319111899
2016,2023,148.5869326452232,20.57823661651962,7.22058626373952,0.06368127302632962,0.119737509047512,0.9318398474737846,0.5078437389348182,1.6859957433622261
2016,2023,148.5869326452232,51.57407780909163,2.8810390598788342,0.13129403302843806,0.2321130125241943,0.8436606291706387,0.5495801660437284,1.361219031063322
2016,2023,148.5869326452232,4.220966674027412,35.202109876752424,0.01811314006430786,0.035581782321685324,0.9817037160878952,0.35593220338983056,1.7639545864354882
2016,2023,59.19700918040334,82.27763152954911,0.7194787705956677,0.03498413513757251,0.06760322974984025,0.91921768707483,0.941878840810724,1.4182578061863433
2016,2023,59.19700918040334,166.47826222943988,0.3555840167217639,0.2654755078565755,0.41956640995167094,0.20024875621890553,0.7156212403580918,0.7688858850319219
2016,2023,59.19700918040334,44.01027762859654,1.345072386953972,0.1720685926332731,0.2936152264718374,0.7440476190476191,0.6557255200058286,1.0842023549743545
2016,2023,59.19700918040334,20.57823661651962,2.8766803630239957,0.10454385635595882,0.18929779158043267,0.8724489795918368,0.6330764843081639,1.3270125383916824
2016,2023,59.19700918040334,51.57407780909163,1.147805480876052,0.15239081968214493,0.26447767038647135,0.7525510204081634,0.7159767049873034,1.3649585319912443
2016,2023,59.19700918040334,4.220966674027412,14.024514702913027,0.029726645648805176,0.05773696499826933,0.9690730874510085,0.5662650602409639,1.360713320804427
2016,2023,10.265912821854172,82.27763152954911,0.12477161326851371,0.02404631166450257,0.04696332849520697,0.7883211678832117,0.9735884906219934,1.2138212519013805
2016,2023,10.265912821854172,166.47826222943988,0.06166518489786805,0.030132044421574584,0.058501324339432455,0.4964028776978418,0.9689455903392032,1.0247308869007488
2016,2023,10.265912821854172,44.01027762859654,0.2332617146496639,0.0985557517959528,0.17942785631922792,0.525679758308157,0.8893592471299178,0.5539863975858891
2016,2023,10.265912821854172,20.57823661651962,0.4988723287209649,0.10675760402190884,0.1929195763082293,0.7101845522898155,0.8554190927015113,0.7811509691367295
2016,2023,10.265912821854172,51.57407780909163,0.19905179613399637,0.14014907461107395,0.24584342123661576,0.2595419847328244,0.8526105020992546,0.4345041066624391
2016,2023,10.265912821854172,4.220966674027412,2.4321236377019315,0.05740940436904465,0.10858500809967886,0.9233844103930714,0.8136614135005182,1.1739221465051595
2018,2021,1632.490301140705,107.23918759789483,15.222889483850881,0.04749276545989131,0.09067893741307145,0.9516821566061466,0.2644628099173554,1.2842527122757492
2018,2021,1632.490301140705,610.5487164369315,2.673808423785849,0.3374166518339055,0.5045797080083155,0.6533541510936569,0.07313540912382326,0.34369839991335216
2018,2021,1632.490301140705,23.71007576001366,68.8521756600142,0.012858515556509123,0.02539054637743572,0.987120342322818,0.11320754716981135,0.9459138936826715
2018,2021,1632.490301140705,101.47290028688009,16.087943643331315,0.056138243316884925,0.10630851343963907,0.9435417624919427,0.09170305676855896,1.1328903979913882
2018,2021,1632.490301140705,58.171338167689434,28.06348199236462,0.023110103184325353,0.04517618018314456,0.9766070172690283,0.3435114503816794,0.969329093409656
2018,2021,1632.490301140705,4.947899123983688,329.93605169265106,0.0030308903645714378,0.006043463653387187,0.9969691096354285,0,1.2132985398226046
2018,2021,126.62157379523839,107.23918759789483,1.1807397708943856,0.3972745514983567,0.5686420769237405,0.47487989177654893,0.37996980372420736,1.010328987333651
2018,2021,126.62157379523839,610.5487164369315,0.20738979607423047,0.0653753954968394,0.12272743630680806,0.6427503736920777,0.9259100728524049,1.0804141914332193
2018,2021,126.62157379523839,23.71007576001366,5.340412028913966,0.10085266455986337,0.18322645310612154,0.8912320621518088,0.4191343963553531,0.5644038930299635
2018,2021,126.62157379523839,101.47290028688009,1.2478363527331828,0.2534943975540883,0.40446035985278506,0.6357051555176821,0.5454196499416825,0.3861981923789089
2018,2021,126.62157379523839,58.171338167689434,2.1767003782898846,0.1214705793366366,0.21662731341287245,0.841925862803579,0.6559199657667033,0.8263992432905168
2018,2021,126.62157379523839,4.947899123983688,25.590977225358614,0.035076028376824456,0.06777478642188177,0.9647884137771033,0.09890109890109884,0.5310355683923721
2018,2021,178.25695949408947,107.23918759789483,1.6622371307257904,0.048807118755441574,0.0930716771132487,0.9254682529797588,0.8761105626850938,1.1195234168530834
2018,2021,178.25695949408947,610.5487164369315,0.291961893777076,0.2599405771838523,0.4126235504929236,0.08704883227176215,0.7334530481440708,0.5859094883670437
2018,2021,178.25695949408947,23.71007576001366,7.518194429168149,0.11480650080274944,0.20596668699021692,0.8833187740591322,0.12276785714285712,0.7833747123977706
2018,2021,178.25695949408947,101.47290028688009,1.756695225918729,0.21681061928572082,0.35635885461451783,0.7203918076580588,0.5088136233851461,0.8759841741369362
2018,2021,178.25695949408947,58.171338167689434,3.064343456913978,0.18051049778851688,0.3058176917980352,0.7971917717213688,0.37852593266606005,0.778948376399964
2018,2021,178.25695949408947,4.947899123983688,36.02679744015678,0.02591991752182607,0.050530099044060396,0.974033665564594,0.06451612903225816,1.0075612076274045
2018,2021,599.7830165388261,107.23918759789483,5.592946291124274,0.04106458816217157,0.07888960709856505,0.9535025981427596,0.7399425287356323,1.4206647567106032
2018,2021,599.7830165388261,610.5487164369315,0.9823671729900075,0.6419570348399574,0.7819413312511303,0.21104100946372242,0.2249525868618269,0.7797371090500984
2018,2021,599.7830165388261,23.71007576001366,25.296545764326172,0.03873117643058645,0.07457401358391724,0.961238997226956,0.01948051948051936,0.8632720559371043
2018,2021,599.7830165388261,101.47290028688009,5.910770411047125,0.1643997693737954,0.28237684976905875,0.834924938507043,0.02427921092564495,0.84545918572569
2018,2021,599.7830165388261,58.171338167689434,10.310627801097558,0.08833073798483054,0.1623233359160379,0.9109666806232983,0.08201058201058199,0.3585934526326867
2018,2021,599.7830165388261,4.947899123983688,121.21973417597175,0.008249481875189762,0.016363969480741987,0.9917505181248102,0,1.0428492035059485
2018,2021,182.43124268413095,107.23918759789483,1.7011621103301997,0.04678818623633061,0.08939379876755194,0.9290287678454923,0.8792664289353032,1.2847405880047378
2018,2021,182.43124268413095,610.5487164369315,0.2987988309086483,0.23999401692879113,0.38708899180531,0.15871369294605808,0.748624634992828,0.40002958746984196
2018,2021,182.43124268413095,23.71007576001366,7.694249673878978,0.12023854049363561,0.21466595934228833,0.8787172546960188,0.06682027649769584,0.67483686927923
2018,2021,182.43124268413095,101.47290028688009,1.7978321519180855,0.1792280169928233,0.30397516749962716,0.7634730538922156,0.5747642514924288,0.7824631175155228
2018,2021,182.43124268413095,58.171338167689434,3.1361018747452536,0.19831616266483118,0.3309913841499276,0.7817331612324858,0.3154929577464789,0.49996008990563434
2018,2021,182.43124268413095,4.947899123983688,36.8704450339017,0.024959853331043138,0.048704060456466615,0.9749874941467549,0.0777777777777778,0.9322599448673434
2018,2021,58.178382232676945,107.23918759789483,0.5425104715528358,0.09006757750348525,0.16525136489200326,0.7650718519269277,0.8725490196078431,1.2509192189238525
2018,2021,58.178382232676945,610.5487164369315,0.0952886815849799,0.07037150976774227,0.1314898782816296,0.244299674267101,0.9279903122875723,0.9126035835221168
2018,2021,58.178382232676945,23.71007576001366,2.453740883055003,0.3311496308075473,0.49753930458840157,0.649846516180576,0.1408140814081408,0.8450272715373895
2018,2021,58.178382232676945,101.47290028688009,0.5733391089463036,0.28165929774202436,0.4395228876164521,0.39693757361601884,0.6542407258180124,0.7752504315944507
2018,2021,58.178382232676945,58.171338167689434,1.000121091678641,0.7841110440058674,0.8789935431880985,0.12105966977008464,0.12095323741007195,0.08264389379760903
2018,2021,58.178382232676945,4.947899123983688,11.758198939560423,0.07584885127900354,0.14100280199924367,0.9235026636226886,0.10052910052910058,1.014170327604375
2018,2023,1632.490301140705,82.27763152954911,19.841240818343366,0.04277101526476183,0.08203337959849638,0.956916066010997,0.14516129032258063,1.2299015549409753
2018,2023,1632.490301140705,166.47826222943988,9.806026800609027,0.08173445133926757,0.15111740453135103,0.9167359646976063,0.18351063829787237,1.0585799579526631
2018,2023,1632.490301140705,44.01027762859654,37.09338793354856,0.02361406215557219,0.04613860443817007,0.9763087728637191,0.12121212121212116,0.892544285809771
2018,2023,1632.490301140705,20.57823661651962,79.33091311770555,0.01094324775968047,0.021649578814501125,0.9890387595047456,0.1304347826086957,1.1058389609331047
2018,2023,1632.490301140705,51.57407780909163,31.65331054844232,0.019925768307841037,0.03907297751854997,0.9798463091717858,0.36206896551724127,0.8647841559231949
2018,2023,1632.490301140705,4.220966674027412,386.75744852140076,0.002585599847716097,0.005157863524289251,0.9974144001522839,0,1.248659141089242
2018,2023,126.62157379523839,82.27763152954911,1.5389550165862957,0.5494403471208082,0.7092113589810488,0.4149745384699009,0.09967213114754095,0.14180925077144763
2018,2023,126.62157379523839,166.47826222943988,0.7605892330899567,0.07710194902064367,0.1431655547383397,0.8343023255813953,0.8739721328891642,0.698892819097331
2018,2023,126.62157379523839,44.01027762859654,2.877091002783485,0.13451686539858765,0.23713506515626473,0.8402215594375798,0.5403028862190853,0.9576663022855422
2018,2023,126.62157379523839,20.57823661651962,6.1531790189247895,0.1086089380704109,0.19593733072268055,0.8861097004622402,0.2992125984251969,0.5535920481501297
2018,2023,126.62157379523839,51.57407780909163,2.4551398526978057,0.11903718010680182,0.21274928523007755,0.8502980322640928,0.6324607329842932,0.7615953114935016
2018,2023,126.62157379523839,4.220966674027412,29.998240586539175,0.03157181430642309,0.061211083646465055,0.9683742136149258,0.051282051282051294,0.05627692474671341
2018,2023,178.25695949408947,82.27763152954911,2.166530029854717,0.06349954827351617,0.11941622048942335,0.9127325624337485,0.8109324758842444,0.7071081312259154
2018,2023,178.25695949408947,166.47826222943988,1.0707521637174242,0.5592466212921008,0.717329271271622,0.3063702363082217,0.2572944297082228,0.9629814628231704
2018,2023,178.25695949408947,44.01027762859654,4.050348443570452,0.1862718728352995,0.3140458390707562,0.8042093246226184,0.20697954271961488,1.040746810992594
2018,2023,178.25695949408947,20.57823661651962,8.662402071467575,0.09909082689549281,0.18031417326152405,0.8994350512211944,0.12886597938144337,0.9265273051599503
2018,2023,178.25695949408947,51.57407780909163,3.4563285872785072,0.1770864724934411,0.30088948710508245,0.8060279297614851,0.3295687885010267,0.8216513893447148
2018,2023,178.25695949408947,4.220966674027412,42.231311749260165,0.022147243307352866,0.043334741549938,0.9778195651056019,0.06329113924050632,0.7790716595492666
2018,2023,599.7830165388261,82.27763152954911,7.289745771588243,0.0498016915374566,0.09487828403957128,0.9460532041461561,0.6067415730337078,1.0472888438751065
2018,2023,599.7830165388261,166.47826222943988,3.602770767226095,0.2247331952101123,0.36699126975415675,0.7655725554873177,0.1554116558741906,1.044334520915743
2018,2023,599.7830165388261,44.01027762859654,13.628248874056304,0.0703562475910628,0.1314632352535077,0.9294451935516885,0.038461538461538436,0.7242006266737142
2018,2023,599.7830165388261,20.57823661651962,29.146472932347248,0.0340427208809528,0.06584393505898886,0.9659484972568998,0.0075187969924811774,0.6673114325474641
2018,2023,599.7830165388261,51.57407780909163,11.629544182234406,0.07631845276649128,0.14181388894769542,0.9229959167765385,0.10447761194029853,0.46209930230152874
2018,2023,599.7830165388261,4.220966674027412,142.09612699134306,0.007037489488090855,0.013976618669218033,0.9929625105119092,0,1.0038004743670688
2018,2023,182.43124268413095,82.27763152954911,2.217264149352826,0.060868806189894355,0.11475274951010088,0.9167465213501351,0.8154050464807437,0.9092300836146422
2018,2023,182.43124268413095,166.47826222943988,1.0958262072240081,0.4920808232425405,0.6595900377208345,0.36924939467312345,0.30880695646040157,0.8605885443523528
2018,2023,182.43124268413095,44.01027762859654,4.145196361260686,0.21289162320469282,0.3510480559544013,0.7821320122486433,0.09689440993788827,0.6531968042058034
2018,2023,182.43124268413095,20.57823661651962,8.865251483097456,0.09732764446523934,0.17739030809283954,0.9013000362518445,0.12500000000000006,0.7092577206110096
2018,2023,182.43124268413095,51.57407780909163,3.5372662088001783,0.1851042641395853,0.3123847744721019,0.7996513694912578,0.2913135593220338,0.44707473817233734
2018,2023,182.43124268413095,4.220966674027412,43.22025184578517,0.02160242341089099,0.04229125326223398,0.9783651206290663,0.06493506493506498,0.9021744969087991
2018,2023,58.178382232676945,82.27763152954911,0.7070984075639418,0.1170865991701764,0.20962850911854775,0.746954249742165,0.821071752951862,0.8141994415180209
2018,2023,58.178382232676945,166.47826222943988,0.3494653383184386,0.1974410265434179,0.32977160823253104,0.36329113924050643,0.777492322564336,1.0789747665025993
2018,2023,58.178382232676945,44.01027762859654,1.3219271808200184,0.42918406714811785,0.6006001284418714,0.4725315496697376,0.3027251184834123,0.8868953735523188
2018,2023,58.178382232676945,20.57823661651962,2.8271801572139084,0.2568003025873689,0.40865728956095143,0.7233984071164098,0.21799746514575413,0.6492736817046932
2018,2023,58.178382232676945,51.57407780909163,1.1280547264079455,0.7419785389214367,0.8518802296850799,0.1964717195559052,0.0935761254425898,0.5043310160402616
2018,2023,58.178382232676945,4.220966674027412,13.78318918996969,0.06202329465801582,0.11680213601715406,0.9373618089857345,0.13664596273291932,0.8118961869331685
2021,2023,107.23918759789483,82.27763152954911,1.3033820444792585,0.48949073632467854,0.6572591885096216,0.41923436041083095,0.24304049330896466,0.9264512485228721
2021,2023,107.23918759789483,166.47826222943988,0.6441633049370619,0.04878944637160427,0.09303954485887786,0.8812628689087165,0.9235138972174938,1.2806720559600915
2021,2023,107.23918759789483,44.01027762859654,2.4366850966696485,0.09218878567520794,0.1688147450043912,0.8809523809523809,0.7099184408726609,1.4113499402803318
2021,2023,107.23918759789483,20.57823661651962,5.211291404425113,0.07314487055955252,0.13631872558159602,0.9187614678630163,0.5766423357664234,1.2480440356032743
2021,2023,107.23918759789483,51.57407780909163,2.0793234150468978,0.08629715021563834,0.1588831383724199,0.8823529411764706,0.7553737158768357,1.253233902655665
2021,2023,107.23918759789483,4.220966674027412,25.406309947378272,0.03162599418395829,0.06131290673607975,0.9681368994080408,0.1904761904761905,1.0356985670961565
2021,2023,610.5487164369315,82.27763152954911,7.420591782806237,0.053017734377947705,0.10069675494927352,0.9428666680435258,0.5760368663594471,1.0696947610911398
2021,2023,610.5487164369315,166.47826222943988,3.6674380682534693,0.24524399191549148,0.39388905870285856,0.7493546239849979,0.08077360637087612,0.8764335874890743
2021,2023,610.5487164369315,44.01027762859654,13.872866733297213,0.06480471243769598,0.12172131035997429,0.9347523167925677,0.09482758620689652,0.7569978578585128
2021,2023,610.5487164369315,20.57823661651962,29.669632428407418,0.030488560810461834,0.05917302136082538,0.9694162908961891,0.09259259259259253,0.9820111254676446
2021,2023,610.5487164369315,51.57407780909163,11.838286642699838,0.06528343142112045,0.12256537461402243,0.9335406609395189,0.21323529411764708,0.7185008676058358
2021,2023,610.5487164369315,4.220966674027412,144.6466564623169,0.0065970801579789354,0.013107687848535318,0.993400846739972,0.04545454545454538,1.0887600334980863
2021,2023,23.71007576001366,82.27763152954911,0.2881715883070655,0.12015439373144911,0.2145318438312629,0.5205047318611987,0.8618230869947193,0.6058670738696733
2021,2023,23.71007576001366,166.47826222943988,0.1424214515606638,0.12893946298873757,0.22842582302400014,0.08385093167701863,0.8695207198434913,0.2744501796072239
2021,2023,23.71007576001366,44.01027762859654,0.5387395180758318,0.4843811786724096,0.6526371873101046,0.06797385620915027,0.49788068446004174,0.4631922165649294
2021,2023,23.71007576001366,20.57823661651962,1.1521918132178481,0.5687287275035944,0.7250823135095437,0.32280536923531933,0.2197418904778514,0.5000199078395478
2021,2023,23.71007576001366,51.57407780909163,0.45972854517689465,0.3579707359244057,0.5272142122867262,0.16299559471365638,0.6152051824510574,0.46211305332611685
2021,2023,23.71007576001366,4.220966674027412,5.617214631403574,0.1649739025242296,0.2832233446032898,0.8331780265804395,0.06292517006802723,0.56660308777546
2021,2023,101.47290028688009,82.27763152954911,1.2332987520482672,0.22218224532316014,0.36358283909518324,0.670805999167321,0.5940054495912807,0.4921656266626622
2021,2023,101.47290028688009,166.47826222943988,0.6095264266215755,0.20925027182905093,0.34608265419291495,0.5430639645878189,0.7214854111405835,0.4492183244665916
2021,2023,101.47290028688009,44.01027762859654,2.3056637166257294,0.286512308085666,0.4454093540884924,0.6807050546358933,0.2638132295719844,0.6318870585025174
2021,2023,101.47290028688009,20.57823661651962,4.931078506766734,0.18873300037059695,0.31753640272753925,0.8090343389636866,0.05833333333333333,0.2470084298309586
2021,2023,101.47290028688009,51.57407780909163,1.967517493235568,0.2615735101097413,0.41467819039254816,0.6872798365747942,0.3847176079734219,0.5332942898280028
2021,2023,101.47290028688009,4.220966674027412,24.040204086724113,0.041244849300954664,0.07922219126201606,0.9587412022326827,0.008130081300812985,0.35592307233261083
2021,2023,58.171338167689434,82.27763152954911,0.7070127941978718,0.12545503000393307,0.22294099126020994,0.7308654613074612,0.809718437783833,0.8251472045022996
2021,2023,58.171338167689434,166.47826222943988,0.3494230260976527,0.20737118330830123,0.34350858489116215,0.3367088607594937,0.7682308029428228,1.0418851955134043
2021,2023,58.171338167689434,44.01027762859654,1.3217671258199803,0.41945145332434763,0.5910050003358616,0.4809312646039001,0.3139120095124851,0.8240329470863818
2021,2023,58.171338167689434,20.57823661651962,2.8268378506733245,0.25543695144649436,0.4069291590504549,0.724559385670808,0.2213740458015268,0.6357328097196125
2021,2023,58.171338167689434,51.57407780909163,1.1279181449064093,0.7265985864140128,0.8416531695686043,0.2060731271453957,0.10451547437848807,0.4395284331856844
2021,2023,58.171338167689434,4.220966674027412,13.781520362534767,0.06345447658486984,0.11933651694926277,0.9360021569145995,0.1180124223602485,0.8237084109477774
2021,2023,4.947899123983688,82.27763152954911,0.060136625617458424,0.04116327826245392,0.07907170589256525,0.303030303030303,0.9580865942666199,0.6307041730330031
2021,2023,4.947899123983688,166.47826222943988,0.029720992144695185,0.027442141412303854,0.05341836840482787,0.07462686567164177,0.9724969923437149,0.27221930884807816
2021,2023,4.947899123983688,44.01027762859654,0.11242599207710277,0.10890865227086477,0.1964249301289832,0.028213166144200705,0.8907459011162951,0.6351342025303096
2021,2023,4.947899123983688,20.57823661651962,0.24044330018110763,0.2245727583617733,0.36677732185093764,0.0539007092198581,0.7725167642258173,0.46075581476099065
2021,2023,4.947899123983688,51.57407780909163,0.09593771394806129,0.08166217372847599,0.1509938605821585,0.1375661375661376,0.9172600668066985,0.6814960146019284
2021,2023,4.947899123983688,4.220966674027412,1.1722194241497474,0.6894978093214713,0.8162162809768713,0.24374190389685416,0.11349957007738605,0.5103116385075915
